{"\u041e\u0431\u044c": [424.5820668693009, 242.85053285968021, 1655432], "\u0411\u0430\u0433\u0430\u043d": [194.52902735562267, 314.1207815275309, 15280], "\u0411\u043e\u043b\u043e\u0442\u043d\u043e\u0435": [501.5197568389058, 188.89849023090545, 27194], "\u0412\u0435\u043d\u0433\u0435\u0440\u043e\u0432\u043e": [152.69772036474168, 187.5668738898757, 18621], "\u0414\u043e\u0432\u043e\u043b\u044c\u043d\u043e\u0435": [286.03085106382935, 282.8150088809946, 15835], "\u0417\u0434\u0432\u0438\u043d\u0441\u043a": [240.12173252279592, 266.1634103019535, 14037], "\u0418\u0441\u043a\u0438\u0442\u0438\u043c": [451.36778115501477, 271.49227353463573, 59836], "\u041a\u0430\u0440\u0430\u0441\u0443\u043a": [211.24604863221887, 343.4283303730015, 42882], "\u041a\u0430\u0440\u0433\u0430\u0442": [313.8296352583587, 226.19893428063907, 15847], "\u041a\u043e\u043b\u044b\u0432\u0430\u043d\u044c": [425.5317629179326, 218.20603907637664, 23845], "\u041a\u043e\u0447\u0435\u043d\u0451\u0432\u043e": [401.9758358662608, 240.85230905861462, 46012], "\u041a\u043e\u0447\u043a\u0438": [322.94817629179283, 295.47095914742465, 13828], "\u041a\u0440\u0430\u0441\u043d\u043e\u0437\u0451\u0440\u0441\u043a\u043e\u0435": [266.7173252279633, 323.4460923623443, 29457], "\u041a\u0443\u0439\u0431\u044b\u0448\u0435\u0432": [223.74620060790267, 206.19431616341024, 56815], "\u041a\u0443\u043f\u0438\u043d\u043e": [177.8115501519753, 292.8061278863232, 27740], "\u041a\u044b\u0448\u0442\u043e\u0432\u043a\u0430": [146.97310030395107, 117.29573712255757, 10101], "\u041c\u0430\u0441\u043b\u044f\u043d\u0438\u043d\u043e": [493.1612462006073, 295.47095914742465, 23441], "\u041c\u043e\u0448\u043a\u043e\u0432\u043e": [466.020820668693, 217.65133214920078, 41784], "\u041e\u0440\u0434\u044b\u043d\u0441\u043a\u043e\u0435": [387.5379939209726, 292.8061278863232, 36045], "\u0421\u0435\u0432\u0435\u0440\u043d\u043e\u0435": [226.44392097264407, 134.28063943161607, 9369], "\u0421\u0443\u0437\u0443\u043d": [406.53510638297854, 339.4318827708703, 31865], "\u0422\u0430\u0442\u0430\u0440\u0441\u043a": [117.021428571428, 224.86651865008864, 37990], "\u0422\u043e\u0433\u0443\u0447\u0438\u043d": [500.7597264437687, 223.5349023090583, 56258], "\u0423\u0431\u0438\u043d\u0441\u043a\u043e\u0435": [286.47401215805434, 218.20603907637664, 14339], "\u0423\u0441\u0442\u044c-\u0422\u0430\u0440\u043a\u0430": [104.86322188449834, 196.89138543516844, 11196], "\u0427\u0430\u043d\u044b": [153.3054711246199, 217.54023090586148, 23239], "\u0427\u0435\u0440\u0435\u043f\u0430\u043d\u043e\u0432\u043e": [454.4074468085103, 304.7954706927174, 47120], "\u0427\u0438\u0441\u0442\u043e\u043e\u0437\u0451\u0440\u043d\u043e\u0435": [145.01033434650455, 265.3865008880996, 17113], "\u0427\u0443\u043b\u044b\u043c": [344.98495440729425, 234.19182948490206, 21540]}